customer_id,application_date,age,gender,employment_status,annual_income,loan_amount,loan_term_months,interest_rate_annual,credit_score,num_open_accounts,delinquency_12m,previous_defaults,loan_purpose,loan_to_income_ratio,estimated_monthly_payment,default_flag
1,01/11/2024,44,F,Employed,108551,18354,36,0.1393,695,2,0,0,Car,0.169,626.67,0
2,18/03/2023,38,F,Employed,131042,16352,72,0.1745,724,2,0,0,Education,0.125,367.89,0
3,24/12/2024,46,M,Retired,247497,57399,60,0.2206,653,2,2,0,Home improvement,0.232,1587.26,1
4,16/06/2025,55,Other,Self-employed,73503,24553,72,0.1712,712,1,0,0,Debt consolidation,0.334,547.85,0
5,26/04/2023,37,F,Employed,149709,2000,60,0.1325,607,2,0,0,Car,0.013,45.76,0
6,03/10/2025,37,M,Employed,94773,20045,36,0.1723,620,2,0,0,Debt consolidation,0.212,716.96,0
7,19/04/2023,55,M,Employed,122088,22463,48,0.1272,608,5,1,0,Home improvement,0.184,599.51,0
8,04/05/2024,47,M,Self-employed,258414,69031,60,0.1212,751,0,0,0,Debt consolidation,0.267,1539.75,0
9,06/02/2025,35,M,Employed,134579,29785,24,0.1024,742,3,0,0,Education,0.221,1377.73,0
10,25/06/2023,45,M,Employed,123390,15399,48,0.1982,703,2,0,0,Debt consolidation,0.125,467.12,0
11,05/08/2024,35,M,Employed,53068,8920,60,0.0791,706,5,1,0,Medical,0.168,180.48,0
12,20/10/2025,35,M,Employed,187775,22608,36,0.1966,581,3,0,0,Education,0.12,836.28,0
13,03/06/2024,42,M,Employed,176758,54371,60,0.145,802,5,0,0,Home improvement,0.308,1279.26,0
14,02/06/2024,20,F,Self-employed,439415,88819,48,0.05,763,6,0,0,Car,0.202,2045.44,0
15,31/03/2025,22,M,Employed,99766,38921,72,0.1384,731,3,1,0,Business,0.39,798.67,1
16,29/05/2023,34,F,Employed,136863,26542,12,0.03,796,5,2,0,Education,0.194,2247.94,0
17,28/03/2025,29,M,Employed,139369,18001,36,0.1513,607,2,0,1,Home improvement,0.129,625.16,1
18,25/08/2024,43,Other,Retired,309192,15036,48,0.1643,656,0,0,0,Car,0.049,429.44,0
19,10/08/2023,30,M,Employed,113331,2231,36,0.0904,614,6,0,0,Home improvement,0.02,70.99,0
20,24/03/2023,25,M,Self-employed,141869,5900,60,0.1262,703,5,0,0,Other,0.042,133.1,0
21,15/02/2024,54,F,Employed,172816,39180,60,0.2177,622,3,0,0,Home improvement,0.227,1076.99,0
22,27/07/2024,37,F,Employed,134217,33671,24,0.0947,751,6,0,0,Home improvement,0.251,1545.52,0
23,29/10/2023,40,F,Employed,91802,3845,48,0.0671,733,3,0,0,Car,0.042,91.56,0
24,31/05/2024,25,M,Employed,134821,39031,48,0.1941,695,1,2,0,Education,0.29,1175.49,0
25,12/06/2024,34,M,Employed,228531,34667,36,0.2181,699,0,0,0,Business,0.152,1320.54,0
26,02/06/2023,41,F,Self-employed,64818,13915,72,0.1202,571,2,0,0,Debt consolidation,0.215,272.19,0
27,10/07/2024,28,F,Employed,129966,46947,60,0.1706,620,2,0,0,Home improvement,0.361,1168.27,0
28,26/04/2025,43,F,Employed,78840,22839,60,0.1871,760,4,0,0,Other,0.29,588.82,0
29,24/11/2024,33,F,Employed,245800,42560,60,0.0829,728,5,0,0,Car,0.173,868.88,0
30,14/04/2023,37,M,Retired,48114,5335,48,0.0957,565,1,0,1,Education,0.111,134.21,0
31,09/06/2025,33,F,Self-employed,85810,2000,72,0.1815,623,4,0,0,Debt consolidation,0.023,45.79,0
32,01/03/2024,58,M,Employed,150478,19274,60,0.2043,522,3,1,0,Home improvement,0.128,515.27,0
33,30/06/2024,39,M,Retired,306987,54916,60,0.1481,552,2,2,0,Business,0.179,1300.98,1
34,29/05/2025,29,M,Employed,115358,11684,72,0.076,804,3,0,0,Education,0.101,202.58,0
35,06/05/2024,48,F,Employed,86002,16072,36,0.2194,582,2,0,0,Debt consolidation,0.187,613.3,0
36,20/02/2024,27,M,Self-employed,370994,77050,60,0.0935,695,3,0,0,Education,0.208,1612.55,0
37,06/03/2023,42,M,Self-employed,50334,8935,36,0.1032,687,5,0,0,Business,0.178,289.65,0
38,29/09/2025,20,F,Employed,32079,4331,36,0.1371,540,2,0,0,Debt consolidation,0.135,147.41,0
39,04/08/2025,26,M,Employed,156257,33887,36,0.1977,685,5,1,0,Home improvement,0.217,1255.39,0
40,28/02/2023,41,F,Employed,88789,21682,72,0.1627,706,1,4,0,Debt consolidation,0.244,473.55,0
41,12/11/2024,47,M,Student,65024,5915,72,0.1407,611,0,2,0,Business,0.091,122.1,0
42,20/08/2024,41,F,Employed,183553,62609,60,0.1432,850,4,0,0,Debt consolidation,0.341,1467.21,0
43,17/02/2023,38,F,Employed,138902,26411,60,0.1222,562,6,1,0,Debt consolidation,0.19,590.44,0
44,18/03/2023,36,M,Employed,85545,17270,48,0.1479,736,4,1,0,Education,0.202,478.8,0
45,08/11/2024,25,M,Employed,55663,15075,72,0.03,619,3,0,0,Debt consolidation,0.271,229.04,0
46,20/11/2024,32,M,Employed,202546,45233,48,0.1052,737,5,0,0,Debt consolidation,0.223,1158.55,0
47,18/03/2023,35,M,Student,177259,52347,36,0.1321,649,2,1,0,Home improvement,0.295,1769.08,0
48,10/08/2025,50,Other,Employed,113068,25860,36,0.0624,619,2,0,0,Business,0.229,789.53,0
49,26/04/2023,43,M,Employed,363389,50422,60,0.1393,740,2,0,0,Car,0.139,1171.4,0
50,28/11/2024,22,F,Employed,63145,14912,60,0.1098,498,4,0,0,Home improvement,0.236,324.07,0
51,12/10/2024,43,M,Unemployed,48047,4114,36,0.2078,615,3,0,0,Car,0.086,154.53,0
52,12/06/2023,36,F,Employed,79229,16706,12,0.1987,683,5,0,0,Business,0.211,1546.51,0
53,18/11/2024,33,F,Employed,116762,22964,60,0.0967,732,2,2,0,Debt consolidation,0.197,484.2,0
54,09/04/2023,46,F,Self-employed,138864,24883,12,0.1125,721,2,0,0,Debt consolidation,0.179,2202.1,0
55,07/12/2024,50,M,Unemployed,103829,19431,60,0.1163,621,3,0,0,Home improvement,0.187,428.61,0
56,09/08/2024,49,M,Unemployed,148224,2000,72,0.0974,597,3,0,1,Home improvement,0.013,36.79,0
57,01/07/2024,31,M,Student,56632,8219,48,0.1298,557,4,0,1,Car,0.145,220.41,0
58,11/04/2025,36,F,Employed,285360,59721,36,0.0821,676,1,0,0,Business,0.209,1877.23,0
59,13/10/2023,43,F,Self-employed,114229,24672,60,0.0635,735,0,0,0,Home improvement,0.216,481,0
60,21/09/2025,49,F,Employed,234597,22810,60,0.1511,790,1,0,0,Debt consolidation,0.097,543.97,0
61,17/08/2023,35,M,Unemployed,147397,48136,48,0.1515,604,4,0,0,Debt consolidation,0.327,1343.32,0
62,07/05/2025,38,F,Self-employed,157834,17896,72,0.0798,661,3,0,0,Business,0.113,313.6,0
63,13/05/2023,28,F,Self-employed,168908,50157,24,0.1648,584,4,0,0,Home improvement,0.297,2467.36,0
64,03/08/2024,28,M,Employed,156980,38102,48,0.0884,772,1,0,0,Business,0.243,945.28,0
65,26/09/2024,48,M,Employed,176466,23889,60,0.1327,731,5,0,0,Debt consolidation,0.135,546.86,0
66,30/08/2023,53,F,Employed,266396,100573,72,0.161,830,3,4,0,Car,0.378,2187.15,0
67,20/01/2024,39,F,Retired,135018,10887,36,0.1183,557,4,0,1,Education,0.081,360.72,1
68,30/09/2025,50,F,Student,183625,53603,60,0.1427,645,4,0,0,Debt consolidation,0.292,1254.76,0
69,07/08/2024,43,M,Employed,113710,34120,48,0.0942,694,4,0,0,Home improvement,0.3,855.9,0
70,24/10/2024,33,F,Employed,284736,37852,36,0.1102,732,1,0,0,Other,0.133,1239.58,0
71,01/06/2023,43,M,Employed,79970,27130,24,0.1097,657,4,3,0,Home improvement,0.339,1264.09,0
72,23/12/2024,55,M,Self-employed,353561,61872,72,0.0827,613,3,0,0,Business,0.175,1092.99,1
73,05/08/2023,39,M,Self-employed,117143,26810,36,0.1112,699,2,0,0,Debt consolidation,0.229,879.25,0
74,19/11/2023,55,F,Employed,50857,11495,36,0.0426,683,5,0,0,Business,0.226,340.71,0
75,08/09/2024,18,F,Employed,129587,24177,36,0.0954,581,4,0,0,Debt consolidation,0.187,774.91,0
76,23/06/2024,48,F,Unemployed,79747,22415,72,0.1058,699,3,1,0,Other,0.281,421.84,0
77,22/03/2024,40,M,Self-employed,198716,55511,60,0.1072,719,4,0,0,Car,0.279,1199.21,0
78,01/10/2023,37,F,Employed,81119,2040,60,0.1079,649,4,0,0,Car,0.025,44.14,0
79,28/01/2025,40,M,Employed,91816,30339,36,0.1169,636,3,0,0,Car,0.33,1003.2,0
80,21/08/2023,20,F,Employed,38620,2000,48,0.144,673,1,0,0,Business,0.052,55.06,0
81,05/08/2023,37,M,Employed,91479,27741,48,0.1637,599,2,2,0,Home improvement,0.303,791.45,0
82,08/06/2024,43,M,Employed,28027,8763,60,0.0875,623,0,0,0,Education,0.313,180.84,1
83,03/07/2025,54,M,Employed,46393,4217,72,0.0598,475,4,0,1,Other,0.091,69.85,0
84,21/07/2025,34,M,Unemployed,189377,30096,12,0.0679,667,1,0,0,Home improvement,0.159,2601.2,0
85,26/02/2023,31,F,Employed,192284,17196,60,0.0956,581,5,0,0,Medical,0.089,361.65,0
86,28/08/2024,34,F,Self-employed,154898,27651,24,0.1024,754,1,0,0,Business,0.179,1279.02,0
87,16/10/2025,49,M,Employed,67175,11366,48,0.0815,634,4,0,0,Business,0.169,278.28,0
88,07/03/2024,43,F,Employed,116613,32414,36,0.0552,641,1,0,0,Home improvement,0.278,979.06,0
89,23/10/2024,34,M,Employed,119741,39638,36,0.0972,628,6,0,1,Debt consolidation,0.331,1273.8,1
90,02/09/2023,45,F,Employed,59888,20336,36,0.1291,648,4,0,0,Debt consolidation,0.34,684.32,1
91,27/09/2023,40,F,Self-employed,295755,42525,48,0.1498,785,1,3,0,Debt consolidation,0.144,1183.07,0
92,12/02/2023,49,F,Retired,203143,36378,36,0.0921,465,3,0,0,Business,0.179,1160.37,0
93,26/05/2023,32,M,Employed,105100,3327,60,0.0994,759,3,0,0,Home improvement,0.032,70.59,1
94,29/01/2024,36,F,Employed,121951,14563,48,0.0737,690,4,0,0,Home improvement,0.119,351.23,0
95,22/12/2023,36,F,Self-employed,135982,40317,24,0.1184,569,2,0,0,Other,0.296,1894.85,0
96,24/01/2025,25,M,Employed,35249,12745,60,0.0776,553,4,0,0,Home improvement,0.362,256.96,1
97,11/09/2024,42,M,Employed,103460,7921,36,0.1487,780,3,1,0,Home improvement,0.077,274.08,0
98,20/04/2023,42,F,Self-employed,79703,11218,48,0.0307,574,3,0,0,Debt consolidation,0.141,248.65,1
99,28/12/2023,40,F,Employed,65793,12985,60,0.102,556,2,0,0,Debt consolidation,0.197,277.17,1
100,01/11/2023,37,F,Employed,101376,23115,36,0.1351,729,4,0,0,Car,0.228,784.53,0
101,11/06/2024,25,F,Employed,352871,42006,24,0.1292,705,3,0,0,Business,0.119,1995.46,0
102,21/10/2023,35,F,Self-employed,176267,42728,36,0.2547,571,1,0,0,Car,0.242,1709.5,0
103,15/10/2025,36,M,Employed,85182,13000,72,0.1375,656,1,1,0,Debt consolidation,0.153,266.14,0
104,16/08/2025,31,M,Employed,169193,33594,48,0.0698,610,2,0,0,Business,0.199,804.14,0
105,03/07/2025,38,M,Self-employed,277857,70750,60,0.1152,738,2,0,0,Debt consolidation,0.255,1556.69,1
106,05/08/2024,44,F,Employed,208987,41932,48,0.0312,768,1,0,0,Debt consolidation,0.201,930.36,0
107,08/09/2023,58,M,Self-employed,124371,19447,36,0.116,688,6,0,0,Debt consolidation,0.156,642.21,0
108,22/04/2025,41,F,Employed,81396,15387,48,0.0783,654,2,0,1,Debt consolidation,0.189,374.41,0
109,27/04/2024,42,F,Retired,182441,34876,60,0.1658,775,5,0,0,Home improvement,0.191,858.9,0
110,28/08/2023,39,F,Employed,151955,24768,24,0.0925,689,7,0,0,Debt consolidation,0.163,1134.36,0
111,17/01/2025,20,M,Employed,205328,35752,36,0.1142,588,5,0,1,Other,0.174,1177.6,0
112,22/05/2023,39,F,Employed,175668,63217,36,0.0882,719,4,0,0,Home improvement,0.36,2004.99,0
113,21/04/2024,40,M,Employed,225253,57685,48,0.2069,822,3,0,0,Debt consolidation,0.256,1776.65,0
114,22/10/2025,64,F,Unemployed,87039,14836,72,0.1039,530,4,0,1,Debt consolidation,0.17,277.78,0
115,10/03/2025,38,M,Retired,264523,71341,24,0.2116,609,1,0,0,Business,0.27,3671.51,0
116,24/08/2023,43,M,Employed,135105,22511,48,0.1607,675,2,0,0,Debt consolidation,0.167,638.78,0
117,18/09/2024,39,F,Employed,416817,132261,36,0.1441,697,4,0,0,Education,0.317,4546.75,0
118,19/10/2023,28,M,Self-employed,79359,18805,72,0.1384,566,1,0,0,Other,0.237,385.88,0
119,16/09/2024,51,M,Unemployed,340042,64360,24,0.1397,713,4,2,0,Debt consolidation,0.189,3089.2,0
120,04/04/2023,47,F,Employed,135130,33076,48,0.03,818,6,0,0,Home improvement,0.245,732.11,0
121,11/11/2023,47,F,Employed,81178,3484,60,0.1061,666,3,0,0,Debt consolidation,0.043,75.07,0
122,16/10/2025,30,F,Employed,89762,7838,60,0.1623,602,1,0,0,Business,0.087,191.56,0
123,28/09/2023,54,F,Employed,99016,7981,48,0.1176,555,2,0,0,Home improvement,0.081,209.23,0
124,11/09/2025,25,F,Employed,154778,33168,36,0.0497,698,4,0,0,Debt consolidation,0.214,993.63,0
125,06/10/2024,45,M,Employed,164218,61295,36,0.1174,746,3,0,0,Debt consolidation,0.373,2028.27,0
126,12/01/2023,61,M,Employed,85053,35988,36,0.2052,710,1,0,0,Car,0.423,1347,0
127,30/03/2023,30,M,Self-employed,118259,31197,36,0.1823,631,7,0,0,Home improvement,0.264,1131.45,0
128,08/10/2024,34,F,Employed,433917,108516,48,0.1169,674,2,0,0,Debt consolidation,0.25,2841.15,0
129,04/07/2023,40,F,Employed,338329,6731,36,0.1676,642,5,1,0,Car,0.02,239.18,0
130,05/06/2025,34,M,Employed,155911,22721,36,0.1017,743,6,0,0,Business,0.146,734.96,0
131,28/05/2025,24,M,Employed,122768,14882,60,0.0348,731,1,0,0,Education,0.121,270.6,0
132,04/11/2024,40,F,Employed,128961,17786,72,0.0738,556,0,0,1,Debt consolidation,0.138,306.49,1
133,13/02/2024,29,M,Employed,173400,31764,48,0.1981,807,2,0,0,Car,0.183,963.38,0
134,28/08/2025,44,F,Employed,64963,9926,24,0.1063,670,3,0,1,Car,0.153,460.93,0
135,23/06/2025,30,F,Employed,102829,2000,24,0.1078,748,5,0,0,Debt consolidation,0.019,93.01,0
136,04/12/2024,55,F,Employed,44095,12117,72,0.105,540,0,0,0,Car,0.275,227.54,0
137,07/08/2025,32,M,Employed,152479,14139,36,0.2152,600,0,0,0,Home improvement,0.093,536.47,1
138,30/11/2024,36,F,Self-employed,176940,39621,24,0.2013,656,3,1,1,Other,0.224,2019.06,0
139,22/10/2023,48,F,Employed,89800,36585,48,0.2309,681,4,4,0,Debt consolidation,0.407,1174.41,0
140,09/04/2025,27,F,Unemployed,308550,33342,48,0.112,759,3,0,0,Business,0.108,864.98,0
141,18/05/2024,42,F,Employed,57514,2000,48,0.1348,688,4,0,0,Home improvement,0.035,54.13,0
142,09/11/2023,53,F,Employed,49842,8543,36,0.0442,616,3,0,0,Other,0.171,253.82,0
143,17/03/2025,23,F,Employed,137299,42576,12,0.1938,616,5,0,0,Home improvement,0.31,3931.38,1
144,20/02/2024,41,M,Employed,224921,89032,72,0.0616,754,6,0,0,Other,0.396,1482.25,0
145,11/04/2025,42,F,Self-employed,329590,25393,36,0.1308,636,3,0,0,Medical,0.077,856.57,0
146,01/07/2025,47,F,Self-employed,91119,22750,60,0.0651,768,4,2,0,Debt consolidation,0.25,445.24,0
147,12/12/2023,27,M,Self-employed,229224,35179,60,0.0906,665,1,0,0,Education,0.153,731.28,0
148,11/02/2025,26,F,Employed,117259,22209,48,0.0781,773,3,0,0,Other,0.189,540.21,0
149,24/04/2023,45,F,Employed,108193,50249,36,0.0896,712,3,0,0,Debt consolidation,0.464,1596.97,0
150,04/03/2023,42,F,Employed,203912,10135,36,0.093,654,2,1,0,Home improvement,0.05,323.71,0
151,17/05/2023,42,M,Employed,177485,40000,48,0.0926,637,4,0,0,Business,0.225,1000.35,0
152,29/01/2023,43,M,Employed,46603,11500,72,0.1617,625,3,0,0,Debt consolidation,0.247,250.53,0
153,22/10/2023,33,Other,Employed,291027,89805,72,0.0648,746,5,0,0,Debt consolidation,0.309,1508.76,0
154,30/01/2024,42,F,Employed,274663,57624,24,0.131,683,3,1,1,Debt consolidation,0.21,2742.26,0
155,01/07/2023,42,M,Employed,82447,19029,36,0.1809,611,3,0,0,Debt consolidation,0.231,688.8,0
156,15/10/2024,32,F,Self-employed,152166,24474,72,0.0943,643,2,1,0,Home improvement,0.161,446.4,0
157,15/07/2024,58,F,Retired,161404,36625,60,0.0841,623,0,0,1,Debt consolidation,0.227,749.83,0
158,23/12/2024,44,F,Student,140316,23248,72,0.1085,504,4,0,0,Education,0.166,440.72,0
159,19/07/2025,28,F,Employed,86255,22612,36,0.179,681,3,0,0,Car,0.262,816.34,0
160,28/12/2024,46,M,Employed,80200,13076,48,0.1297,586,2,0,1,Debt consolidation,0.163,350.6,0
161,07/03/2024,30,M,Employed,118174,28091,60,0.0934,582,4,0,0,Car,0.238,587.77,1
162,20/02/2024,47,M,Self-employed,242531,47796,60,0.1442,541,6,1,0,Car,0.197,1122.56,0
163,19/01/2025,51,F,Employed,166276,51979,48,0.0649,554,4,0,0,Other,0.313,1232.44,0
164,04/11/2024,31,M,Employed,96074,18721,12,0.1541,565,4,0,0,Debt consolidation,0.195,1693.35,0
165,18/07/2024,49,M,Unemployed,190664,4327,48,0.1404,568,2,0,0,Debt consolidation,0.023,118.33,0
166,11/07/2025,44,M,Employed,21723,7086,36,0.1046,744,1,0,0,Medical,0.326,230.18,0
167,19/02/2025,48,F,Employed,239069,26161,48,0.0781,658,1,0,0,Medical,0.109,636.34,0
168,11/07/2025,58,F,Employed,42252,5688,72,0.0757,675,1,0,0,Car,0.135,98.54,0
169,19/02/2025,37,M,Employed,96547,13558,36,0.1467,693,4,0,0,Car,0.14,467.8,0
170,20/01/2023,32,M,Employed,61294,20683,60,0.1814,673,3,0,0,Debt consolidation,0.337,526.79,0
171,10/07/2025,31,F,Employed,55185,2000,36,0.0881,620,4,3,0,Business,0.036,63.42,0
172,10/12/2024,31,M,Employed,240805,123720,60,0.1429,609,4,0,0,Debt consolidation,0.514,2897.38,0
173,13/02/2023,39,M,Employed,90638,27699,72,0.03,746,2,1,0,Debt consolidation,0.306,420.85,0
174,15/10/2023,43,M,Unemployed,147731,32844,24,0.0908,720,6,0,0,Education,0.222,1501.68,0
175,18/01/2025,42,M,Employed,116669,22693,12,0.1184,540,3,0,0,Debt consolidation,0.195,2014.55,0
176,30/10/2025,48,M,Employed,159767,36516,48,0.0745,624,1,0,0,Home improvement,0.229,882.06,0
177,12/09/2025,40,F,Employed,125661,31681,24,0.0732,666,3,0,0,Medical,0.252,1423.04,0
178,04/04/2023,54,M,Student,55573,14700,60,0.0866,553,2,1,0,Debt consolidation,0.265,302.73,0
179,14/03/2025,37,F,Employed,218165,55754,72,0.1346,700,2,0,0,Other,0.256,1132.79,0
180,30/09/2025,67,M,Employed,89232,18646,48,0.1106,607,3,0,0,Other,0.209,482.46,0
181,14/01/2023,46,F,Unemployed,47160,8501,36,0.03,738,3,1,0,Business,0.18,247.22,0
182,02/10/2024,31,F,Unemployed,92816,17159,48,0.03,688,3,0,0,Debt consolidation,0.185,379.8,0
183,30/06/2025,29,M,Employed,295287,53302,60,0.0897,684,3,0,0,Home improvement,0.181,1105.69,0
184,19/12/2024,44,F,Self-employed,199862,62632,12,0.1429,723,6,0,0,Home improvement,0.313,5632.1,0
185,30/07/2024,37,M,Employed,97349,25248,48,0.03,740,6,1,0,Home improvement,0.259,558.85,0
186,20/11/2024,47,F,Employed,97313,2000,48,0.095,632,3,0,0,Debt consolidation,0.021,50.25,0
187,22/09/2023,44,M,Employed,98940,26277,48,0.0937,574,3,0,1,Other,0.266,658.53,0
188,13/08/2024,39,M,Employed,417189,91562,36,0.1894,710,3,0,0,Debt consolidation,0.219,3353.52,0
189,26/04/2023,31,M,Self-employed,150905,29899,60,0.1007,719,2,2,0,Car,0.198,636.3,0
190,07/01/2023,24,Other,Employed,155325,25030,24,0.1391,700,3,0,0,Debt consolidation,0.161,1200.7,0
191,21/05/2024,35,F,Employed,222664,69563,36,0.1271,588,3,0,0,Business,0.312,2334.15,0
192,16/09/2025,48,F,Self-employed,138485,40819,72,0.03,606,3,0,0,Medical,0.295,620.19,1
193,20/01/2024,42,M,Self-employed,102726,12606,60,0.1584,628,1,2,0,Debt consolidation,0.123,305.48,0
194,06/02/2025,27,F,Employed,106664,25675,12,0.1308,632,4,1,1,Debt consolidation,0.241,2294.18,0
195,13/04/2024,41,M,Employed,114954,11821,36,0.1454,800,1,4,0,Car,0.103,407.12,0
196,04/07/2023,43,F,Employed,117350,7280,36,0.3163,587,4,0,0,Car,0.062,315.58,1
197,26/12/2024,31,M,Self-employed,185688,25500,36,0.03,719,2,0,0,Car,0.137,741.57,0
198,14/08/2023,41,M,Employed,123799,35436,36,0.2062,785,2,0,0,Home improvement,0.286,1328.15,0
199,27/08/2025,40,M,Retired,186247,55001,24,0.1056,808,5,1,0,Debt consolidation,0.295,2552.26,0
200,25/10/2024,28,M,Employed,114327,28731,48,0.1344,645,4,0,0,Other,0.251,777.07,0
201,10/10/2024,43,F,Employed,125797,34281,60,0.1177,697,1,0,0,Medical,0.273,758.58,0
202,01/08/2024,45,M,Employed,36182,9104,48,0.0988,671,1,1,0,Home improvement,0.252,230.38,0
203,04/04/2025,50,F,Employed,207948,28250,60,0.0915,725,5,0,0,Education,0.136,588.48,0
204,20/09/2023,50,M,Employed,147730,35927,24,0.1365,655,3,0,0,Home improvement,0.243,1719.02,0
205,18/01/2023,26,F,Student,218393,61159,72,0.0441,712,1,0,0,Home improvement,0.28,968.31,0
206,21/05/2025,30,M,Employed,21110,5814,60,0.1575,435,1,0,1,Debt consolidation,0.275,140.61,1
207,15/03/2024,45,M,Employed,420110,133969,60,0.0992,775,5,1,0,Home improvement,0.319,2841.17,0
208,18/08/2025,45,F,Self-employed,110359,29889,60,0.0635,635,4,0,0,Business,0.271,582.71,0
209,31/07/2023,45,M,Employed,233318,54864,72,0.0975,683,4,0,0,Debt consolidation,0.235,1009.5,0
210,25/06/2025,75,M,Self-employed,64299,19741,48,0.1829,763,1,0,0,Home improvement,0.307,582.89,0
211,16/05/2023,45,F,Employed,173323,34205,36,0.0932,612,0,0,0,Car,0.197,1092.81,0
212,24/11/2024,51,F,Employed,63780,7131,48,0.1379,626,4,0,0,Car,0.112,194.11,0
213,01/08/2025,49,M,Employed,82536,15161,60,0.0835,813,2,0,0,Business,0.184,309.96,0
214,02/05/2025,46,M,Employed,378384,47491,60,0.1579,633,4,0,0,Medical,0.126,1149.6,0
215,31/01/2025,36,F,Student,107027,14179,48,0.1543,575,1,0,0,Debt consolidation,0.132,397.71,0
216,18/08/2024,47,M,Employed,136722,25369,24,0.2124,662,1,0,0,Business,0.186,1306.6,0
217,12/11/2023,32,M,Employed,202256,24424,36,0.1112,743,4,0,0,Car,0.121,801,0
218,18/03/2025,37,M,Employed,161564,27337,72,0.1534,701,2,1,0,Business,0.169,583.1,0
219,11/10/2025,35,F,Employed,131334,2000,48,0.1249,596,1,1,0,Home improvement,0.015,53.15,0
220,25/03/2023,40,F,Unemployed,149376,33061,48,0.1848,578,1,1,0,Debt consolidation,0.221,979.48,0
221,22/07/2025,63,M,Employed,507523,101566,36,0.0841,698,3,0,0,Medical,0.2,3201.95,0
222,07/10/2025,21,M,Employed,115922,13713,36,0.1573,666,4,0,0,Home improvement,0.118,480.28,0
223,08/09/2024,46,M,Retired,135389,36003,72,0.1103,658,2,0,1,Education,0.266,685.84,0
224,31/08/2023,23,F,Employed,225402,66213,60,0.1168,694,2,0,1,Business,0.294,1462.19,0
225,28/04/2024,35,M,Student,232946,9142,60,0.1246,531,4,0,0,Car,0.039,205.49,0
226,10/09/2024,50,M,Employed,244621,30266,48,0.1326,760,3,0,0,Education,0.124,815.87,0
227,19/06/2025,40,F,Employed,176043,21668,48,0.1142,713,1,4,0,Car,0.123,564.45,0
228,21/06/2025,29,M,Employed,60442,6407,36,0.1307,753,1,0,0,Home improvement,0.106,216.09,0
229,20/07/2024,32,F,Self-employed,319754,90474,60,0.1989,692,3,0,0,Business,0.283,2391.47,0
230,23/03/2024,46,M,Retired,60321,10895,48,0.1693,689,2,1,0,Education,0.181,313.98,0
231,19/12/2024,32,M,Employed,143893,24972,48,0.1635,718,3,0,0,Home improvement,0.174,712.2,0
232,21/02/2023,42,M,Employed,76319,2000,48,0.0972,773,2,1,0,Home improvement,0.026,50.46,0
233,12/09/2023,40,F,Employed,115470,30431,72,0.0755,718,6,1,0,Debt consolidation,0.264,526.89,0
234,06/02/2023,33,F,Employed,146167,11120,24,0.1678,680,7,2,0,Medical,0.076,548.62,0
235,30/09/2023,61,F,Employed,145519,29976,60,0.1638,835,4,0,0,Debt consolidation,0.206,735.02,0
236,17/09/2024,46,M,Retired,154570,35201,36,0.1936,705,2,0,1,Business,0.228,1296.74,0
237,19/04/2023,19,F,Employed,315993,106194,48,0.0898,757,2,0,0,Home improvement,0.336,2641.63,0
238,10/05/2025,41,M,Employed,157529,10888,12,0.1085,568,0,0,0,Home improvement,0.069,961.54,1
239,17/03/2025,33,M,Employed,103648,2000,36,0.038,570,5,0,0,Car,0.019,58.87,0
240,24/01/2024,48,F,Employed,213993,46733,48,0.1004,696,2,0,0,Debt consolidation,0.218,1186.17,1
241,06/01/2025,32,M,Employed,244979,93105,24,0.1698,707,4,0,0,Business,0.38,4602.43,0
242,22/05/2023,38,M,Employed,57451,18608,48,0.0967,623,4,0,0,Car,0.324,469,0
243,12/01/2025,45,M,Unemployed,171731,37947,72,0.152,621,4,1,0,Education,0.221,806.52,0
244,10/12/2024,48,M,Employed,182764,27567,24,0.1105,757,5,1,0,Debt consolidation,0.151,1285.48,0
245,29/03/2024,27,M,Employed,100379,28178,60,0.1362,707,3,0,0,Medical,0.281,650.11,0
246,18/04/2024,36,F,Employed,273942,28119,48,0.0626,628,3,0,1,Car,0.103,663.73,0
247,21/03/2024,35,M,Unemployed,109668,27158,60,0.1243,607,5,1,0,Medical,0.248,610.03,0
248,05/12/2024,33,F,Self-employed,129391,32419,36,0.03,602,4,0,1,Home improvement,0.251,942.78,1
249,16/01/2023,57,F,Employed,108164,33100,36,0.1107,635,3,2,0,Business,0.306,1084.75,0
250,10/03/2025,44,M,Self-employed,121127,57652,36,0.0385,602,4,2,0,Medical,0.476,1698.27,0
251,31/12/2023,27,M,Employed,62161,14871,24,0.1803,624,3,0,0,Medical,0.239,742.64,0
252,10/05/2024,49,M,Employed,50575,7541,36,0.1589,543,3,1,0,Home improvement,0.149,264.71,0
253,09/02/2023,61,F,Employed,312372,61676,60,0.1433,722,4,0,0,Debt consolidation,0.197,1445.67,0
254,03/11/2023,50,M,Employed,72191,2000,72,0.1961,624,3,0,0,Home improvement,0.028,47.45,0
255,20/04/2023,24,F,Employed,66198,8641,60,0.0726,438,1,0,0,Home improvement,0.131,172.16,0
256,22/02/2024,35,M,Student,32965,5244,60,0.2074,735,3,0,0,Debt consolidation,0.159,141.1,0
257,08/09/2023,52,F,Unemployed,81787,12071,24,0.1666,673,2,1,0,Debt consolidation,0.148,594.85,0
258,13/02/2023,32,M,Employed,54252,11677,36,0.1082,616,2,0,0,Education,0.215,381.3,1
259,16/09/2025,44,M,Employed,321405,37848,36,0.1768,717,4,0,0,Debt consolidation,0.118,1362.23,0
260,20/02/2025,47,F,Employed,219946,68646,36,0.0647,608,4,0,0,Car,0.312,2102.99,0
261,23/09/2023,30,F,Employed,79408,15883,48,0.0788,765,1,1,0,Debt consolidation,0.2,386.86,0
262,26/04/2025,39,M,Employed,463568,92282,48,0.0896,850,7,2,0,Home improvement,0.199,2294.69,0
263,14/06/2024,18,F,Employed,216275,36163,36,0.0936,699,3,1,0,Debt consolidation,0.167,1156.04,0
264,26/09/2023,29,F,Employed,98750,21283,36,0.0672,747,2,0,0,Debt consolidation,0.216,654.44,0
265,30/10/2025,37,F,Self-employed,26785,7567,60,0.1812,608,6,0,0,Car,0.282,192.65,1
266,08/06/2023,27,F,Employed,474403,53744,60,0.1071,623,0,0,0,Medical,0.113,1160.77,0
267,13/02/2024,56,M,Employed,52130,6995,36,0.1376,620,6,0,0,Debt consolidation,0.134,238.26,0
268,21/06/2023,25,M,Self-employed,44712,7584,72,0.0915,601,3,0,0,Home improvement,0.17,137.27,0
269,06/08/2024,35,M,Employed,221635,14498,72,0.03,686,3,0,0,Home improvement,0.065,220.28,0
270,15/10/2025,41,F,Employed,518709,61246,36,0.1335,717,5,0,0,Education,0.118,2073.96,0
271,13/05/2024,54,F,Employed,275353,41958,36,0.03,682,5,1,0,Car,0.152,1220.19,0
272,22/01/2023,25,M,Employed,168315,48380,48,0.1166,657,2,0,0,Business,0.287,1265.97,0
273,31/08/2023,51,M,Self-employed,171459,38794,72,0.0516,669,4,0,0,Car,0.226,627.66,1
274,14/01/2024,40,F,Employed,200245,43926,72,0.2194,612,3,0,1,Education,0.219,1102.13,0
275,15/07/2024,30,Other,Employed,189208,53941,24,0.1656,638,6,1,0,Debt consolidation,0.285,2655.58,0
276,14/05/2023,44,F,Unemployed,142054,26459,36,0.1253,528,1,1,0,Home improvement,0.186,885.53,0
277,04/11/2024,41,M,Unemployed,127742,30536,48,0.1832,687,3,2,1,Medical,0.239,902.11,0
278,07/08/2025,33,M,Unemployed,115577,21922,48,0.0777,483,5,0,0,Car,0.19,532.82,0
279,18/03/2025,40,M,Employed,76334,17292,36,0.1472,745,3,4,1,Business,0.227,597.06,0
280,23/04/2023,36,F,Employed,101401,14371,72,0.13,746,2,0,0,Business,0.142,288.48,0
281,09/01/2024,41,M,Retired,43455,2000,60,0.1332,598,0,0,0,Home improvement,0.046,45.83,0
282,26/05/2025,46,F,Self-employed,113124,21106,60,0.1836,490,1,4,0,Business,0.187,540.1,1
283,12/12/2023,55,M,Employed,66310,22696,72,0.1566,674,4,0,0,Car,0.342,488.08,0
284,15/01/2024,27,F,Employed,61889,18110,60,0.1344,628,6,0,0,Home improvement,0.293,416.15,0
285,31/03/2023,61,F,Employed,133677,39641,48,0.0373,606,2,0,1,Car,0.297,890.27,1
286,30/10/2025,20,F,Student,276633,89522,48,0.072,597,4,0,0,Education,0.324,2152.03,0
287,04/01/2023,38,M,Employed,208196,43485,36,0.1139,801,1,2,0,Debt consolidation,0.209,1431.69,0
288,17/08/2025,45,M,Employed,46768,10276,60,0.1247,680,1,0,0,Home improvement,0.22,231.03,0
289,24/05/2024,42,M,Employed,66269,9161,36,0.0635,616,9,0,0,Home improvement,0.138,280.15,0
290,11/08/2023,33,F,Employed,211020,35534,60,0.2406,563,2,0,0,Car,0.168,1023.48,0
291,13/01/2023,37,F,Unemployed,66553,17409,36,0.1958,544,2,0,0,Debt consolidation,0.262,643.26,0
292,28/09/2025,35,F,Employed,104869,33599,24,0.1501,643,3,0,0,Business,0.32,1629.26,0
293,29/10/2025,34,F,Self-employed,166921,31057,36,0.1236,665,4,0,0,Education,0.186,1036.89,0
294,13/04/2025,48,F,Retired,67120,10402,12,0.1094,586,2,0,0,Home improvement,0.155,919.05,0
295,19/10/2025,43,M,Employed,127832,25573,60,0.0724,676,1,0,0,Medical,0.2,509.28,0
296,10/02/2023,33,F,Employed,53897,14020,60,0.1239,781,2,2,1,Other,0.26,314.64,0
297,13/04/2025,48,M,Employed,83652,4652,48,0.1329,685,1,0,0,Debt consolidation,0.056,125.47,0
298,12/11/2024,43,M,Self-employed,145381,2000,36,0.0579,647,0,0,0,Debt consolidation,0.014,60.65,0
299,27/12/2024,48,F,Employed,46141,6688,24,0.1367,653,3,0,0,Other,0.145,320.07,0
300,28/04/2023,46,M,Employed,156300,12180,12,0.1122,658,2,0,0,Other,0.078,1077.74,0
301,11/01/2025,31,M,Self-employed,118594,17693,36,0.03,719,6,1,0,Debt consolidation,0.149,514.53,0
302,23/04/2025,34,F,Employed,167166,30963,72,0.077,635,2,3,0,Debt consolidation,0.185,538.36,0
303,27/03/2024,47,M,Student,137255,21230,36,0.0993,647,2,0,0,Debt consolidation,0.155,684.33,0
304,01/03/2025,46,F,Employed,272047,93923,36,0.2144,705,2,1,0,Other,0.345,3559.81,0
305,05/10/2025,39,M,Employed,129364,30100,24,0.1478,616,6,0,0,Debt consolidation,0.233,1456.3,0
306,21/10/2024,41,M,Employed,92745,21336,36,0.0532,575,1,0,0,Business,0.23,642.53,0
307,08/07/2023,52,M,Self-employed,129137,33862,48,0.1443,634,4,0,0,Education,0.262,932.65,0
308,30/12/2023,34,M,Employed,166246,14317,48,0.0426,666,4,0,0,Debt consolidation,0.086,324.93,0
309,12/07/2025,45,F,Unemployed,123570,37554,36,0.1741,638,2,0,0,Business,0.304,1346.58,0
310,06/12/2023,37,M,Student,122958,23660,24,0.0964,612,3,2,0,Debt consolidation,0.192,1087.86,0
311,21/06/2024,37,F,Employed,78751,21030,36,0.1153,743,0,0,0,Education,0.267,693.79,0
312,14/07/2025,50,M,Retired,80620,7483,36,0.1863,535,3,2,1,Debt consolidation,0.093,272.9,1
313,11/01/2024,48,F,Employed,51724,2308,36,0.0556,749,4,1,0,Car,0.045,69.75,0
314,16/05/2025,48,F,Employed,342831,96606,72,0.0501,582,2,0,0,Car,0.282,1556.28,0
315,14/03/2024,53,F,Employed,56893,13520,48,0.0908,676,4,0,0,Debt consolidation,0.238,336.96,0
316,15/02/2025,40,M,Unemployed,79182,8694,48,0.1719,622,0,0,1,Debt consolidation,0.11,251.72,1
317,11/04/2025,46,M,Employed,77980,8814,48,0.044,594,2,4,0,Home improvement,0.113,200.59,1
318,25/11/2023,36,M,Employed,205295,64164,48,0.03,726,4,0,0,Debt consolidation,0.313,1420.23,0
319,28/02/2025,43,F,Employed,100537,8149,48,0.0974,746,4,0,0,Education,0.081,205.66,0
320,06/06/2025,38,M,Employed,253696,92413,60,0.1476,535,2,0,0,Education,0.364,2186.87,0
321,18/04/2024,40,F,Employed,80110,8807,60,0.18,725,3,0,0,Home improvement,0.11,223.64,0
322,05/05/2023,45,F,Unemployed,141867,37430,36,0.0968,419,4,0,0,Business,0.264,1202.15,1
323,10/10/2024,31,M,Self-employed,72696,12150,48,0.0994,539,4,0,0,Business,0.167,307.81,0
324,18/07/2024,60,F,Employed,434667,113152,48,0.1777,834,3,0,0,Education,0.26,3310.26,0
325,12/10/2024,29,M,Retired,58847,8567,72,0.03,557,3,0,0,Home improvement,0.146,130.16,1
326,28/11/2024,27,M,Employed,144515,26550,48,0.1006,588,3,0,0,Debt consolidation,0.184,674.14,0
327,03/02/2025,51,F,Retired,175521,35822,48,0.1295,615,2,0,0,Debt consolidation,0.204,960.13,0
328,25/07/2023,47,F,Employed,153818,15348,24,0.1425,818,3,0,0,Business,0.1,738.72,0
329,22/04/2024,46,F,Employed,107374,29429,48,0.0945,562,4,0,0,Home improvement,0.274,738.65,0
330,09/03/2023,46,M,Employed,111008,16505,24,0.1217,606,5,0,0,Home improvement,0.149,778.26,0
331,16/12/2024,39,M,Unemployed,123196,21823,36,0.03,728,5,0,0,Debt consolidation,0.177,634.64,0
332,10/11/2024,31,F,Employed,109869,11049,24,0.0871,776,1,0,0,Car,0.101,503.3,0
333,10/07/2025,40,F,Employed,213966,2000,60,0.1427,662,5,0,0,Debt consolidation,0.009,46.82,0
334,18/03/2025,33,F,Employed,452056,81776,36,0.0709,580,4,0,0,Debt consolidation,0.181,2528.37,0
335,01/12/2023,49,M,Employed,85884,37897,36,0.1229,794,2,0,0,Home improvement,0.441,1263.98,0
336,19/03/2024,38,F,Employed,52752,14689,72,0.1423,771,2,0,0,Debt consolidation,0.278,304.49,1
337,31/05/2025,31,M,Self-employed,113809,22543,36,0.1029,703,1,1,1,Business,0.198,730.47,1
338,26/06/2025,36,M,Unemployed,564148,97999,48,0.1285,596,3,1,0,Home improvement,0.174,2621.78,0
339,06/08/2023,44,F,Employed,74090,14984,48,0.0719,651,5,1,0,Home improvement,0.202,360.13,0
340,28/08/2024,34,M,Self-employed,320846,81723,12,0.1097,657,1,1,0,Business,0.255,7221.67,0
341,18/06/2023,31,F,Employed,328361,26899,60,0.1505,726,2,0,0,Debt consolidation,0.082,640.63,0
342,07/09/2023,42,M,Unemployed,86085,26810,24,0.1278,713,3,0,0,Debt consolidation,0.311,1271.83,0
343,05/12/2023,42,M,Self-employed,168828,45843,48,0.0907,697,3,0,0,Medical,0.272,1142.33,0
344,22/11/2024,34,F,Employed,318789,86653,48,0.1312,628,3,0,1,Home improvement,0.272,2329.85,1
345,30/07/2024,35,F,Self-employed,95585,23308,48,0.1557,753,3,0,0,Home improvement,0.244,655.43,0
346,17/03/2025,42,F,Employed,106202,21449,60,0.03,682,5,1,0,Debt consolidation,0.202,385.41,0
347,25/03/2023,25,F,Employed,84646,22625,36,0.178,718,4,0,0,Home improvement,0.267,815.68,0
348,23/12/2024,25,F,Unemployed,65277,16919,12,0.1032,736,3,0,0,Business,0.259,1489.97,0
349,06/04/2025,32,F,Employed,81282,13379,60,0.1413,578,5,0,0,Business,0.165,312.21,0
350,14/10/2024,37,F,Employed,57577,8213,48,0.1799,651,4,0,0,Car,0.143,241.21,0
351,02/05/2025,43,M,Employed,122479,25743,60,0.0514,622,1,0,0,Debt consolidation,0.21,487.46,0
352,12/07/2023,54,F,Unemployed,75604,26832,60,0.0845,489,3,1,0,Debt consolidation,0.355,549.85,0
353,27/05/2023,48,M,Employed,138070,10506,60,0.1056,705,3,0,0,Education,0.076,226.13,0
354,22/10/2024,38,Other,Employed,47179,2512,48,0.0808,820,1,1,0,Other,0.053,61.42,0
355,20/11/2024,39,F,Self-employed,146353,31682,36,0.2067,511,5,0,1,Debt consolidation,0.216,1188.26,1
356,11/07/2023,29,M,Unemployed,197870,40581,60,0.0772,625,3,2,0,Home improvement,0.205,817.41,0
357,25/04/2025,39,F,Employed,36279,7885,48,0.0922,700,2,0,0,Debt consolidation,0.217,197.04,0
358,13/06/2025,37,F,Employed,150194,33703,36,0.1302,692,3,0,0,Debt consolidation,0.224,1135.91,0
359,24/02/2023,43,M,Employed,250659,44537,72,0.0599,698,3,0,0,Home improvement,0.178,737.9,0
360,29/10/2024,31,F,Employed,58073,20267,72,0.1002,553,3,1,0,Debt consolidation,0.349,375.67,0
361,28/06/2025,45,F,Employed,327352,13064,48,0.1359,727,1,3,0,Car,0.04,354.31,0
362,03/09/2023,55,M,Self-employed,154301,18076,24,0.1034,608,5,0,0,Business,0.117,836.96,0
363,29/06/2023,38,F,Employed,78609,14910,36,0.1153,489,1,0,0,Debt consolidation,0.19,491.89,1
364,17/04/2025,44,M,Employed,116051,4141,60,0.0935,757,4,2,0,Debt consolidation,0.036,86.67,0
365,09/01/2025,46,F,Employed,167752,30600,72,0.0443,732,2,0,0,Education,0.182,484.76,0
366,19/10/2024,35,F,Unemployed,125599,45988,36,0.1361,605,3,0,0,Debt consolidation,0.366,1563.06,0
367,02/01/2023,42,F,Employed,165794,33505,24,0.2077,698,4,0,1,Business,0.202,1717.89,0
368,25/05/2024,40,M,Retired,69068,15407,72,0.1209,693,3,0,0,Home improvement,0.223,301.93,0
369,08/07/2024,40,F,Employed,132835,9828,36,0.1313,670,8,1,0,Business,0.074,331.76,0
370,21/12/2023,32,F,Employed,51381,7109,48,0.1546,723,2,1,0,Home improvement,0.138,199.51,0
371,18/05/2024,40,M,Employed,112253,18239,72,0.0565,655,2,0,1,Debt consolidation,0.162,299.27,0
372,04/07/2025,44,F,Employed,69766,11737,24,0.2051,734,1,0,0,Debt consolidation,0.168,600.29,0
373,13/07/2023,54,M,Employed,77183,25329,48,0.1301,656,1,1,0,Debt consolidation,0.328,679.64,0
374,22/06/2023,49,F,Employed,251929,64436,24,0.2016,703,5,0,0,Home improvement,0.256,3284.56,0
375,28/02/2024,61,M,Employed,230968,20522,36,0.0833,594,2,2,0,Car,0.089,646.21,0
376,18/02/2024,32,M,Unemployed,172945,38852,60,0.2109,642,0,0,0,Debt consolidation,0.225,1053.05,0
377,08/08/2025,48,M,Employed,62309,15566,48,0.1588,586,2,0,0,Debt consolidation,0.25,440.19,0
378,16/01/2024,41,F,Unemployed,99250,31166,72,0.1477,529,5,2,0,Business,0.314,655.12,0
379,29/12/2024,61,M,Employed,248477,88968,48,0.1317,628,4,0,0,Business,0.358,2394.3,0
380,19/10/2024,31,F,Employed,130650,12868,36,0.1076,593,4,0,0,Other,0.098,419.82,0
381,06/11/2024,31,M,Employed,482552,57382,36,0.18,850,4,0,0,Business,0.119,2074.5,0
382,18/01/2024,34,M,Employed,151940,11280,36,0.127,759,4,0,0,Home improvement,0.074,378.44,0
383,19/08/2023,18,F,Employed,134656,23780,36,0.03,833,1,0,0,Business,0.177,691.55,0
384,31/03/2023,34,F,Employed,99686,24586,24,0.0641,550,3,4,0,Medical,0.247,1094.21,1
385,04/09/2025,32,M,Employed,130011,38839,36,0.1107,697,1,1,0,Education,0.299,1272.83,0
386,08/06/2023,41,F,Employed,109509,21070,48,0.1355,573,4,0,1,Home improvement,0.192,571.02,0
387,22/11/2024,43,F,Employed,183526,30835,60,0.1172,646,4,0,0,Debt consolidation,0.168,681.55,0
388,18/06/2024,58,F,Student,213047,45843,60,0.1809,594,3,0,0,Debt consolidation,0.215,1166.36,0
389,02/04/2023,49,M,Unemployed,74881,8723,60,0.03,699,3,0,0,Business,0.116,156.74,0
390,10/08/2024,34,M,Self-employed,53987,22078,12,0.1272,592,3,0,0,Car,0.409,1969.05,1
391,13/02/2023,31,F,Self-employed,39876,2000,36,0.03,675,4,1,0,Business,0.05,58.16,0
392,01/06/2024,44,M,Employed,162762,35559,60,0.158,742,2,0,0,Debt consolidation,0.218,860.95,0
393,23/12/2023,26,F,Employed,61897,24905,48,0.1153,809,3,1,0,Car,0.402,650.11,0
394,14/05/2024,58,F,Student,32975,6617,12,0.141,501,4,0,0,Education,0.201,594.43,1
395,06/09/2025,51,F,Employed,151508,27422,60,0.0768,783,5,0,0,Debt consolidation,0.181,551.83,0
396,05/07/2025,35,F,Employed,535548,87967,60,0.184,779,2,0,0,Car,0.164,2252.97,0
397,13/07/2023,22,Other,Employed,119564,21756,48,0.1721,610,2,0,0,Home improvement,0.182,630.14,0
398,14/02/2025,53,M,Employed,198460,66938,24,0.1492,746,1,0,0,Medical,0.337,3243.06,0
399,16/10/2023,38,F,Employed,126039,2000,60,0.1135,693,2,3,0,Education,0.016,43.83,0
400,17/04/2025,52,M,Unemployed,113087,39959,48,0.149,593,4,0,0,Business,0.353,1110.06,0
401,12/03/2024,24,M,Employed,208291,11998,60,0.0847,606,2,2,0,Car,0.058,245.98,0
402,28/09/2025,34,F,Employed,100819,17475,60,0.1628,602,2,0,0,Medical,0.173,427.56,0
403,09/06/2024,40,F,Retired,140883,22129,60,0.2025,798,4,4,0,Home improvement,0.157,589.37,0
404,27/10/2024,40,Other,Employed,145549,37676,48,0.1735,689,3,0,0,Home improvement,0.259,1093.98,0
405,10/12/2023,35,F,Employed,80370,3230,24,0.0835,711,4,2,0,Car,0.04,146.6,0
406,01/01/2023,46,M,Employed,217613,53580,60,0.1381,636,1,0,0,Debt consolidation,0.246,1241.44,0
407,26/03/2024,29,M,Self-employed,108042,43479,48,0.0553,587,3,1,1,Home improvement,0.402,1011.76,0
408,07/05/2025,38,F,Student,76252,4856,60,0.1486,722,6,2,0,Education,0.064,115.17,0
409,28/07/2025,41,M,Employed,165571,36255,36,0.1425,582,3,0,0,Car,0.219,1243.52,0
410,14/01/2023,45,M,Unemployed,69994,9365,36,0.03,568,1,0,0,Home improvement,0.134,272.35,1
411,20/08/2025,47,M,Employed,122046,29607,72,0.0619,690,3,0,0,Debt consolidation,0.243,493.33,0
412,03/07/2025,28,M,Student,119345,24098,60,0.1058,635,6,2,0,Home improvement,0.202,518.92,0
413,29/01/2023,24,M,Self-employed,230219,31276,72,0.105,680,4,0,0,Debt consolidation,0.136,587.33,0
414,03/12/2024,52,M,Self-employed,159543,39692,60,0.0595,663,4,0,0,Debt consolidation,0.249,766.44,0
415,01/03/2023,43,M,Employed,118212,44972,48,0.1394,742,1,0,0,Car,0.38,1227.57,0
416,18/09/2023,32,M,Retired,196007,35460,60,0.1326,690,5,0,0,Debt consolidation,0.181,811.55,0
417,24/09/2025,55,Other,Self-employed,276336,75157,72,0.1103,602,0,1,0,Home improvement,0.272,1431.7,0
418,11/06/2025,41,M,Employed,167700,11852,48,0.0822,631,5,0,0,Home improvement,0.071,290.57,0
419,13/06/2025,51,M,Unemployed,120748,12601,48,0.1724,686,2,0,0,Other,0.104,365.17,0
420,22/01/2023,40,F,Employed,54619,13504,36,0.2028,693,0,2,0,Home improvement,0.247,503.79,0
421,19/04/2024,60,M,Unemployed,63334,22066,48,0.0958,485,3,0,1,Debt consolidation,0.348,555.21,1
422,31/12/2023,57,F,Employed,99919,23537,60,0.0894,687,6,0,0,Debt consolidation,0.236,487.9,0
423,29/03/2023,37,F,Self-employed,83245,14043,36,0.1446,514,3,0,0,Business,0.169,483.1,0
424,21/03/2023,49,M,Employed,107266,21446,36,0.1021,673,2,0,0,Business,0.2,694.12,0
425,12/10/2024,46,M,Employed,124149,9306,36,0.113,808,2,0,0,Home improvement,0.075,305.99,0
426,12/07/2023,53,F,Employed,164895,42947,36,0.157,596,2,1,0,Home improvement,0.26,1503.54,0
427,15/04/2023,30,F,Employed,115030,33155,36,0.03,597,3,0,0,Debt consolidation,0.288,964.19,0
428,11/07/2025,46,M,Employed,160676,24871,48,0.1859,759,7,0,0,Business,0.155,738.28,0
429,24/04/2023,50,F,Employed,124733,19084,72,0.1236,552,0,0,0,Business,0.153,376.68,0
430,29/12/2024,22,M,Employed,36679,8311,48,0.0994,614,3,0,0,Debt consolidation,0.227,210.55,0
431,23/08/2023,28,Other,Employed,68299,10677,36,0.1155,691,3,1,0,Debt consolidation,0.156,352.34,0
432,11/11/2023,19,M,Employed,110061,21284,24,0.1181,623,4,0,1,Debt consolidation,0.193,1000.02,0
433,01/06/2024,37,F,Self-employed,58071,23807,60,0.0334,627,3,0,0,Debt consolidation,0.41,431.39,1
434,21/08/2024,47,F,Employed,171992,30150,36,0.1947,751,3,0,0,Business,0.175,1112.36,0
435,14/09/2024,55,F,Student,300649,49356,60,0.1221,695,3,0,1,Debt consolidation,0.164,1103.14,0
436,12/03/2025,40,F,Unemployed,249323,33720,60,0.1422,644,3,0,0,Debt consolidation,0.135,788.46,0
437,04/03/2023,56,M,Employed,105575,28972,60,0.1676,641,7,0,0,Debt consolidation,0.274,716.3,1
438,14/05/2023,26,M,Employed,293515,53384,36,0.0689,727,2,0,0,Other,0.182,1645.66,0
439,24/06/2024,22,M,Unemployed,131196,17720,60,0.1437,617,2,1,1,Education,0.135,415.72,0
440,20/04/2023,39,M,Employed,98027,32558,36,0.1066,696,3,0,0,Debt consolidation,0.332,1060.67,0
441,06/01/2023,43,F,Employed,83051,28400,72,0.1623,633,3,2,1,Home improvement,0.342,619.65,1
442,24/07/2024,39,M,Employed,100084,14008,48,0.03,676,4,2,0,Debt consolidation,0.14,310.06,0
443,27/11/2024,19,M,Self-employed,95067,2000,36,0.115,579,2,0,0,Home improvement,0.021,65.95,1
444,24/01/2025,39,F,Employed,132919,39976,36,0.0899,675,3,0,0,Debt consolidation,0.301,1271.04,1
445,30/01/2024,26,F,Employed,132137,17381,36,0.1416,593,3,0,0,Car,0.132,595.39,0
446,27/08/2023,46,F,Retired,120220,33549,60,0.1435,512,3,0,0,Business,0.279,786.73,1
447,08/11/2024,43,Other,Unemployed,155969,2000,36,0.0846,641,2,1,0,Medical,0.013,63.1,0
448,19/07/2024,30,M,Employed,245152,70913,48,0.0844,704,3,0,0,Debt consolidation,0.289,1745.88,0
449,10/02/2024,34,M,Employed,212135,16734,36,0.1145,734,1,0,0,Education,0.079,551.42,0
450,15/02/2023,29,F,Unemployed,49232,13444,60,0.0752,556,5,0,0,Car,0.273,269.52,1
451,24/01/2023,39,F,Employed,25923,5222,60,0.1621,651,4,0,0,Debt consolidation,0.201,127.57,0
452,27/05/2023,49,M,Employed,210205,21989,60,0.1015,742,3,0,0,Home improvement,0.105,468.83,0
453,04/10/2024,30,F,Employed,52845,8418,60,0.03,677,4,1,0,Debt consolidation,0.159,151.26,0
454,11/06/2023,45,M,Student,104861,28169,36,0.1013,566,3,0,0,Debt consolidation,0.269,910.65,1
455,30/08/2024,34,M,Employed,59467,12523,24,0.0681,674,3,1,0,Debt consolidation,0.211,559.61,0
456,08/04/2024,32,F,Unemployed,40703,10519,60,0.0384,599,4,0,0,Business,0.258,192.96,0
457,01/05/2024,38,F,Unemployed,166063,66034,36,0.0581,628,3,0,0,Home improvement,0.398,2003.2,0
458,17/10/2023,29,F,Employed,189234,8246,48,0.1255,530,4,0,0,Other,0.044,219.38,0
459,27/02/2025,34,M,Employed,84909,30713,12,0.1864,661,2,0,0,Debt consolidation,0.362,2825.13,0
460,30/09/2024,28,F,Employed,25352,5335,36,0.1357,779,5,0,0,Other,0.21,181.23,0
461,26/02/2023,59,M,Employed,86465,9522,12,0.0897,635,4,1,0,Debt consolidation,0.11,832.58,0
462,10/07/2024,40,M,Employed,151802,10166,72,0.1428,633,2,2,0,Car,0.067,211.01,1
463,14/10/2023,33,F,Self-employed,49410,8948,36,0.097,645,3,0,0,Home improvement,0.181,287.47,0
464,11/06/2023,42,F,Employed,133956,39137,48,0.0853,667,4,0,0,Debt consolidation,0.292,965.22,0
465,16/05/2023,38,F,Unemployed,118903,22264,12,0.0623,686,4,0,1,Education,0.187,1918.54,0
466,20/12/2024,37,F,Employed,169876,59646,60,0.0324,604,4,1,1,Home improvement,0.351,1078.13,0
467,04/10/2024,46,F,Employed,128926,7076,36,0.1005,718,5,0,0,Car,0.055,228.49,0
468,10/08/2025,47,F,Employed,66930,13305,72,0.1279,690,2,2,0,Business,0.199,265.61,0
469,11/01/2023,34,M,Employed,246025,18393,72,0.1152,696,3,0,0,Home improvement,0.075,355.01,0
470,31/01/2024,34,M,Self-employed,109112,25790,36,0.0992,660,3,0,0,Home improvement,0.236,831.2,0
471,21/05/2024,37,M,Employed,118050,34080,72,0.0727,718,3,2,0,Car,0.289,585.46,1
472,01/07/2023,18,M,Employed,68548,10825,72,0.1504,711,2,0,0,Debt consolidation,0.158,229.13,0
473,03/03/2025,24,F,Employed,91976,2000,60,0.0541,574,3,0,0,Car,0.022,38.12,0
474,25/08/2023,53,F,Employed,70570,15518,60,0.1588,696,2,0,1,Medical,0.22,376.38,0
475,18/12/2023,56,M,Employed,108172,26359,36,0.0699,659,6,0,0,Debt consolidation,0.244,813.77,0
476,06/08/2023,37,M,Employed,335129,80575,48,0.0824,713,4,0,0,Debt consolidation,0.24,1976.16,0
477,01/03/2025,45,F,Retired,52686,17048,24,0.0467,610,2,0,0,Car,0.324,745.4,0
478,16/02/2023,43,M,Employed,45575,4234,24,0.0949,635,1,1,0,Home improvement,0.093,194.38,0
479,02/08/2024,70,F,Self-employed,290091,77751,72,0.1688,787,4,0,0,Home improvement,0.268,1724.46,0
480,01/02/2023,51,F,Employed,105837,33789,36,0.1458,655,4,2,0,Debt consolidation,0.319,1164.37,0
481,23/10/2025,38,F,Employed,80322,2000,60,0.1689,583,2,0,0,Business,0.025,49.59,0
482,07/11/2024,30,F,Employed,223953,51949,60,0.1461,653,6,0,0,Debt consolidation,0.232,1225.25,0
483,14/01/2024,23,F,Employed,83440,12481,72,0.0648,658,3,0,0,Home improvement,0.15,209.69,0
484,07/09/2024,42,M,Employed,358919,68858,72,0.1035,780,0,0,0,Car,0.192,1287.84,0
485,05/01/2025,32,F,Employed,180232,42313,36,0.081,717,3,0,0,Debt consolidation,0.235,1327.89,0
486,13/10/2024,25,F,Employed,89545,13546,12,0.1865,607,1,4,1,Home improvement,0.151,1246.09,0
487,09/04/2025,33,M,Employed,437850,57984,48,0.0602,850,2,0,0,Other,0.132,1362.29,0
488,01/02/2023,29,F,Employed,83435,16972,24,0.1647,666,3,0,0,Car,0.203,834.82,0
489,01/03/2024,56,F,Retired,187307,17097,12,0.1646,726,2,0,0,Education,0.091,1554.95,0
490,14/10/2023,48,F,Employed,143605,13128,36,0.2115,663,3,1,0,Home improvement,0.091,495.61,0
491,02/04/2025,39,F,Employed,262050,70213,60,0.0995,736,3,1,0,Car,0.268,1490.09,0
492,18/07/2023,54,F,Employed,306249,26068,48,0.1556,760,2,0,0,Debt consolidation,0.085,732.91,0
493,23/03/2023,40,F,Employed,122327,32616,36,0.2341,775,5,0,0,Debt consolidation,0.267,1269.54,0
494,03/07/2024,31,F,Employed,76359,18804,60,0.0891,694,1,0,0,Debt consolidation,0.246,389.52,0
495,30/09/2025,55,F,Employed,158139,4336,36,0.0432,703,3,0,0,Home improvement,0.027,128.63,0
496,15/09/2025,45,F,Employed,79907,10567,12,0.03,628,3,0,0,Education,0.132,894.96,0
497,19/02/2025,29,F,Employed,401627,128284,60,0.1556,682,3,0,0,Home improvement,0.319,3089.71,1
498,26/12/2024,38,F,Employed,130244,13270,48,0.03,672,4,0,0,Car,0.102,293.72,0
499,17/04/2023,31,M,Employed,96380,14800,60,0.1014,683,4,0,0,Car,0.154,315.48,1
500,28/04/2024,26,F,Employed,134062,33007,12,0.1419,666,1,0,0,Business,0.246,2966.55,0
